Electorate,15-29 years (%),30-64 years (%),65 years and over (%),No qualification (%),Level 1 certificate (%),Level 2 certificate (%),Level 3 certificate (%),Level 4 certificate (%),Level 5 diploma (%),Level 6 diploma (%),Bachelor degree and level 7 qualification (%),Post-graduate and honours degrees (%),Masters degree (%),Doctorate degree (%),Overseas secondary school qualification (%),Total people - religious affiliation (%),  Adventist (%),  Anglican (%),  Baptist (%),  Catholicism (%),"  Evangelical, Born Again and Fundamentalist (%)",  Jehovah's Witnesses (%),  Latter-day Saints (%),  Methodist (%),  Pentecostal (%),"  Presbyterian, Congregational and Reformed (%)","  Maori Religions, Beliefs and Philosophies (%)",  Buddhism (%),  Hinduism (%),  Islam (%),  Judaism (%),  Spiritualism and New Age religions (%),  Sikhism (%),  Jedi (%),  Other religions (%),European (%),Maori (%),Pacific Peoples (%),Asian (%),Middle Eastern/Latin American/African (%),Other ethnicity (%),Regular smoker (%),Ex-smoker (%),Never smoked regularly (%),No dependent children (%),One dependent child (%),Two dependent children (%),Three dependent children (%),Four or more dependent children (%),Year
auckland central,20.06800311680952,47.37550471063257,12.346815895728554,9.72586243536162,7.388255295034356,7.246582135014521,7.395338953035348,6.006941984840972,3.3505702344690795,3.8605936105404832,12.623078557767231,2.7697102783877594,2.9255507544095773,0.7154494581001629,7.005737762980803,98.17241623574414,0.23376071403272647,9.810866331373521,2.387192746334207,11.376354749592691,0.4037685060565276,0.3470992420485939,0.8146206701140468,2.521782248353049,2.0825954522915637,5.589006162782461,0.4816887440674364,1.4308989162003258,2.4013600623361904,1.3529786781894169,0.18417510802578452,0.38251753205355243,0.1700077920238011,0.0,0.2408443720337182,72.44457037614224,7.572430403060141,5.645675426790395,13.345611673868385,1.3104767301834668,1.303393072182475,7.515761139052207,16.143656584260114,47.998866614719844,2.684706382375859,3.8605936105404832,4.4768718566267625,1.4946518382092513,0.42501948005950274,2017
botany,29.006750241080038,41.99614271938283,9.488910318225651,11.54291224686596,6.817743490838958,6.075216972034716,10.067502410800385,5.1591128254580525,2.7193828351012534,2.622950819672131,10.057859209257474,1.6586306653809064,1.9575699132111861,0.4146576663452266,7.666345226615236,95.71841851494696,0.5303760848601736,5.814850530376084,1.6104146576663454,11.822565091610414,0.626808100289296,0.40501446480231434,1.2729026036644167,2.700096432015429,2.0829315332690452,6.441658630665382,0.9450337512054001,2.4493731918997104,4.1947926711668275,2.584378013500482,0.1253616200578592,0.4532304725168756,0.2410800385728062,0.0,0.2700096432015429,48.21600771456123,11.176470588235295,13.375120540019287,24.33944069431051,2.430086788813886,0.9643201542912248,10.115718418514948,11.76470588235294,46.31629701060752,2.227579556412729,3.616200578592092,3.2883317261330767,1.0221793635486982,0.5303760848601736,2017
east coast bays,19.9603026919737,45.88760699665054,13.658355042798659,11.499813918868625,8.162758962907828,7.244758714799652,7.294380349832527,6.091055700285324,3.4611090435429848,3.337054955960799,11.673489641483686,2.1585411239300334,2.3818384815779683,0.40937848902121327,7.157920853492122,99.21845924823222,0.3101352189554646,9.10557002853244,1.935243766282099,13.720382086589753,0.3597568539883389,0.2357027664061531,0.8187569780424265,2.878054831906711,2.4190547078526237,6.537650415581194,0.5830542116362734,1.637513956084853,2.084108671380722,1.5010544597444486,0.24810817516437164,0.4341893065376504,0.29772981019724604,0.0,0.2357027664061531,65.12839598064755,9.254434933631064,8.559732043170824,17.652896662945043,2.195757350204689,1.3273787371293886,8.646569904478353,14.836868874829426,48.65401314973328,2.8656494231484926,4.056568663937476,4.304676839101848,1.3770003721622628,0.3721622627465575,2017
epsom,21.102761272282418,47.29115693813352,10.852848654316674,11.377140859839217,7.742048234882907,6.946871723173715,6.955609926599091,6.081789584061517,3.364208318769661,3.215658860538273,11.543166724921356,2.280671094023069,2.7437958755679834,0.5505068157986718,6.658511010136316,99.48444599790282,0.3495281370150297,7.016777350576721,2.0709542118140507,11.604334148898985,0.4631247815449144,0.5505068157986718,0.8388675288360714,2.4204823488290805,1.7039496679482697,5.312827682628452,0.5155540020971688,2.1146452289409297,3.4253757427472915,2.245718280321566,0.16602586508213912,0.4980775952464173,0.2534078993358965,0.0,0.32331352673890246,62.189793778399164,8.99161132471164,11.481999300943727,18.18420132820692,1.800069905627403,1.2757777001048585,9.472212513107305,15.178259349877665,45.954211814051035,2.5865082139112197,4.141908423628101,4.0283117790982175,1.1709192590003497,0.48060118839566585,2017
helensville,21.504265828468792,46.22810956443646,11.944319712617872,10.736416704086214,7.3955994611585085,6.8208352043107325,7.853614728334082,5.361472833408172,3.372249663224068,3.1926358329591378,12.703188145487202,2.1194431971261785,2.5909295015716207,0.47597665020206553,8.136506511001347,98.83700044903458,0.33228558599012126,7.606645711719802,1.7422541535698248,13.295913785361474,0.5343511450381679,0.345756623259991,1.0058374494836102,2.7525819488100582,2.1284238886394253,6.7220475976650205,0.5747642568477772,2.5864391558149977,3.0309833857207003,1.7108217332734619,0.21553659631791647,0.3682083520431073,0.23798832510103277,0.0,0.3637180062864841,56.26852267624607,8.706780422092502,9.375841939829368,25.788055680287382,2.0296362819937133,1.21239335428828,8.536147283340817,13.73596766951055,49.3623709025595,2.8603502469690163,4.06376290974405,4.211944319712617,1.140547822182308,0.47597665020206553,2017
hunua,19.34108260540615,46.578169062521496,12.772542815874544,13.095811266249399,8.370589449068024,7.242588898823852,6.664832519430497,6.114588348579683,3.1914161909347274,3.1432698259852807,10.777907696540339,1.9877570671985694,2.414196299607951,0.40580507600247606,5.805076002476098,99.58731687186189,0.2476098768828668,7.971662425201183,1.1899030194648874,10.736639383726528,0.3989270238668409,0.474585597358828,0.6259027443428021,2.8406355320173327,1.7126349817731619,5.48868560423688,1.093610289565995,1.719513033908797,3.652245684022285,2.8681477405598734,0.19258545979778527,0.4333172845450169,0.3026342939679483,0.0,0.2613659811541371,62.73471352912855,10.846688217896691,9.986931700942293,17.098837609189076,1.7951716074007842,1.4031226356695783,9.773712084737603,15.448105096636633,45.05124148841048,2.090927849233097,3.714148153243001,4.085562968567301,1.4375128963477544,0.5020978059013687,2017
kelston,20.309810671256454,46.84042291615441,13.363658716498646,10.167199409884436,7.081386771576101,6.860093434964347,7.487091222030981,5.741332677649373,3.4669289402507992,3.725104499631178,13.867715761003197,2.5694615195475783,2.999754118514876,0.6147037128104254,7.7329727071551515,98.8443570199164,0.24588148512417013,8.655028276370789,1.9301696582247359,12.490779444307844,0.5286451930169659,0.4671748217359233,1.1310548315711826,2.6555200393410376,1.8564052126874846,6.3929186132284235,0.40570445045488074,1.9916400295057781,3.4669289402507992,1.8441111384312763,0.2089992623555446,0.4425866732235063,0.29505778214900413,0.0,0.24588148512417013,63.36365871649865,7.573149741824441,8.97467420703221,20.309810671256454,1.8564052126874846,1.1802311285960165,8.544381608064914,15.55200393410376,49.01647405950332,2.495697074010327,3.9832800590115562,4.179985247110893,1.2785837226456849,0.4302925989672977,2017
mangere,27.29766803840878,45.717116293247976,8.786770309404055,9.030635573845451,6.0128029263831735,6.005182136869379,8.520042676421276,5.08306660570035,3.680841335162323,3.1854900167657374,15.14250876390794,3.048315805517452,3.383630544124371,0.6477671086724585,7.963725041914342,98.74256973022405,0.3200731595793324,6.485291876238378,1.6156073769242492,12.360920591373265,0.533455265965554,0.30483158055174514,0.6401463191586648,2.1643042219173907,1.7832647462277091,5.4564852918762385,0.4496265813138241,2.4310318549001675,4.663923182441701,3.246456332876086,0.205761316872428,0.47248894985520495,0.4267642127724432,0.0,0.30483158055174514,54.57247370827618,7.148300563938424,8.611492150586802,26.77183356195702,3.055936595031245,1.1126352690138699,8.45907636031093,12.863892699283646,50.91449474165523,2.438652644413961,3.840877914951989,3.6579789666209424,1.1736015851242187,0.3886602652034751,2017
manukau east,20.03713224792916,46.34390174235933,10.811196800914026,12.739217366466724,9.311625249928591,7.969151670951156,6.76949443016281,7.02656383890317,3.184804341616681,3.1133961725221364,9.397315052842044,1.7852042273636106,1.7852042273636106,0.2856326763781777,5.526992287917738,99.21451013996001,0.371322479291631,7.92630676949443,1.7280776920879748,11.553841759497287,0.4570122822050843,0.5427020851185376,1.0282776349614395,2.570694087403599,2.413596115395601,4.9414453013424735,0.8997429305912596,1.6995144244501572,2.2564981433876037,1.0568409025992573,0.15709797200799772,0.6426735218508998,0.15709797200799772,0.0,0.3570408454727221,67.10939731505285,14.19594401599543,11.8966009711511,12.15367037989146,1.3281919451585262,1.1853756069694374,11.196800914024564,16.523850328477575,41.94515852613539,2.4707226506712368,3.9702942016566696,4.098828906026849,1.3853184804341616,0.4998571836618109,2017
manurewa,19.356300997280147,46.112873980054395,17.860380779691752,11.491387126019946,7.842248413417952,7.060290117860381,6.516319129646418,6.017679057116954,3.139165911151405,3.841795104261106,13.22529465095195,3.014505893019039,3.456482320942883,0.827289211242067,6.708975521305531,98.30009066183138,0.1699909338168631,10.7207615593835,1.960562103354488,10.539437896645513,0.3173164097914778,0.5326382592928378,0.4759746146872167,2.0512239347234815,1.4619220308250227,6.074342701722575,0.5553037171350862,1.688576609247507,3.513145965548504,1.654578422484134,0.28331822302810517,0.5666364460562103,0.3626473254759746,0.0,0.3399818676337262,71.21486854034451,7.252946509519492,6.006346328195829,14.063916591115142,1.3825929283771532,1.3599274705349047,8.114233907524932,18.495013599274706,47.83544877606528,2.232547597461469,3.1958295557570264,3.3318223028105165,1.0539437896645512,0.3739800543970988,2017
maungakiekie,31.23190736571245,46.96043743969122,9.917443979843465,6.5187091240484625,5.135627747400021,5.135627747400021,7.687359279511097,4.084914763589579,3.613166076980808,3.4630642221507455,15.567706658089417,3.0449233408384258,4.0956363246488685,0.8470033236839284,8.019727672349095,88.34566312855152,0.2573174654229656,6.958293127479361,1.1257639112254743,10.893106036238876,0.24659590436367537,0.27876058754154603,0.4074193202530289,1.4902969872413423,0.9756620563954111,4.824702476680605,0.32164683177870695,2.2836925056288195,4.470890961724027,2.669668703763268,0.2251527822450949,0.418140881312319,0.5896858582609628,0.0,0.3109252707194168,48.943926235659916,5.1999571137557625,5.993352632143241,24.273614238233087,2.7876058754154607,0.9756620563954111,7.912512061756191,12.4048461455988,47.57156642007076,1.9191594296129515,2.851935241771202,2.337300310925271,0.6861799077945749,0.1929880990672242,2017
mt albert,19.80107465416714,48.73670972904996,11.935520749971419,8.883045615639649,7.854121413055905,7.293929347204756,7.499714187721504,6.242140162341374,3.3382874128272553,3.555504744483823,14.141991539956555,2.972447696353035,3.109637590030868,0.7316794329484394,6.116382759803361,99.26832056705156,0.3658397164742197,10.940894020807134,1.6119812507145306,11.20384131702298,0.3887046987538585,0.4115696810334972,0.6173545215502457,2.469418086200983,1.3947639190579628,5.567623185092032,0.2858122784954842,1.4290613924774207,1.3490339544986854,1.5205213215959756,0.4801646278724134,0.37727220761403907,0.14862238481765175,0.0,0.2743797873556648,75.58019892534583,6.790899737052704,6.87092717503144,9.831942380244655,1.223276551960672,1.3147364810792272,7.648336572539156,16.657139590716817,47.73065050874585,2.3207957013833314,3.8070195495598496,4.275751686292443,1.4290613924774207,0.342974734194581,2017
mt roskill,25.524079320113312,48.347497639282345,11.520302171860246,8.79131255901794,6.373937677053824,6.47780925401322,7.308781869688385,4.929178470254957,3.758262511803588,3.3238904627006614,15.845136921624173,3.4844192634560907,3.5127478753541075,0.6043437204910292,6.79886685552408,94.66477809254013,0.20774315391879133,7.771482530689329,1.7752596789423984,10.802644003777148,0.424929178470255,0.26440037771482533,0.6421152030217185,1.8885741265344664,1.1425873465533523,5.089707271010387,0.4060434372049103,2.1246458923512748,3.2011331444759206,1.388101983002833,0.3305004721435316,0.43437204910292726,0.4060434372049103,0.0,0.32105760151085927,63.654390934844194,7.355996222851748,7.355996222851748,16.34560906515581,1.8602455146364494,1.1520302171860246,8.838526912181303,16.043437204910294,47.31822474032106,1.8696883852691217,3.286118980169972,2.983947119924457,0.8309726156751653,0.20774315391879133,2017
new lynn,21.365832235397452,46.717171717171716,11.29776021080369,11.561264822134387,7.795344751866491,7.20245937637242,7.575757575757576,6.258234519104085,3.140096618357488,3.370663153271849,10.880544576196751,2.272727272727273,2.1958717610891525,0.5489679402722881,6.63153271848924,98.25428194993412,0.38427755819060166,8.19060166886254,1.932367149758454,10.51822573561704,0.5379885814668423,0.6587615283267457,1.196750109793588,2.9973649538866933,2.162933684672815,6.027667984189724,0.5050505050505051,2.2837066315327186,3.0742204655248133,1.8664909969257797,0.18664909969257795,0.5270092226613966,0.24154589371980675,0.0,0.3184014053579271,60.99033816425121,9.771629336846727,14.09749670619236,15.865173473869126,1.8884497145366712,1.2955643390426,9.92534036012297,15.140535792709706,45.37768994290733,2.250768555116381,3.831796223100571,3.612209046991656,1.3504611330698288,0.4501537110232762,2017
north shore,20.651893841793353,48.29940736923473,12.316413295542386,9.314609636691575,7.510950785879928,7.6526668384437,7.639783560937903,6.055140427724813,3.530018036588508,3.6202009791290903,14.287554753929399,2.898737438804432,3.014686936356609,0.7085802628188611,6.892553465601649,99.21412007214634,0.2061324400927596,10.332388559649575,1.3656274156145323,12.625611955681526,0.4122648801855192,0.3091986601391394,0.47668126771450653,2.2674568410203553,1.7263591857768614,5.745941767585673,0.37361504766812675,1.8809585158464315,1.8165421283174439,1.2625611955681526,0.23189899510435455,0.3993816026797217,0.06441638752898737,0.0,0.33496521515073435,71.78562226230353,7.6011337284205105,5.784591600103066,15.266683844370007,1.6232929657304818,1.27544447307395,7.794382891007472,15.627415614532335,49.9871167224942,2.6281886111826847,4.032465859314609,4.251481576913166,1.2625611955681526,0.36073177016232927,2017
northcote,20.413223140495866,47.55739210284665,11.72635445362718,8.934802571166207,7.162534435261708,7.052341597796143,7.704315886134068,5.876951331496786,3.314967860422406,3.452708907254362,13.27823691460055,2.56198347107438,2.910927456382002,0.7070707070707071,8.255280073461892,98.58585858585859,0.24793388429752067,9.449035812672177,2.0752984389348024,11.166207529843893,0.3122130394857668,0.40404040404040403,0.8172635445362718,2.5436179981634526,2.102846648301194,6.473829201101928,0.34894398530762166,2.16712580348944,2.5436179981634526,1.5794306703397611,0.27548209366391185,0.37649219467401285,0.12855831037649218,0.0,0.2938475665748393,64.95867768595042,6.446280991735537,6.124885215794307,20.56932966023875,1.5886134067952251,1.2947658402203857,6.997245179063361,14.784205693296604,49.990817263544535,3.0486685032139578,4.11386593204775,4.5270890725436175,1.386593204775023,0.34894398530762166,2017
pakuranga,37.06689910655916,41.31619089126171,8.324253650032688,7.31096099368054,4.6415341032904776,5.022880801917629,10.568751361952495,3.7698845064284154,3.4539115275659187,2.9091305295271304,15.16670298539987,2.7348006101547178,3.7698845064284154,0.6428415776857703,10.06755284375681,93.39725430376988,0.23970363913706688,4.990193942035302,1.1985181956853346,9.9368054042275,0.40313793854870345,0.23970363913706688,0.56657223796034,1.8086729134887773,1.449117454783177,5.1100457616038355,0.23970363913706688,3.1706254085857486,6.057964698191327,3.584658967095228,0.18522553933318806,0.3922423185879277,0.708215297450425,0.0,0.33776421878404883,42.36217040749619,5.219001961211593,6.352146437132272,36.40226628895184,2.8001743299193724,0.7735890172150794,8.280671170189583,11.222488559599041,51.43822183482241,1.8413597733711047,3.007191109174112,2.821965569840924,0.7409021573327522,0.18522553933318806,2017
papakura,18.802145411203814,46.67759237187127,16.544994040524433,10.764302741358762,8.21662693682956,7.255661501787842,6.659713945172825,6.384088200238379,3.4564958283671037,3.8811084624553036,12.224374255065554,2.696662693682956,3.1361740166865317,0.7747318235995232,6.1084624553039335,97.60876042908224,0.18623361144219308,11.211263408820024,1.7803933253873658,9.661799761620978,0.4171632896305125,0.4916567342073897,0.5065554231227652,2.1230631704410015,1.5792610250297976,5.803039332538736,0.4693087008343266,1.4675208581644816,2.9126936829559003,1.5196662693682956,0.17878426698450536,0.4916567342073897,0.17133492252681765,0.0,0.3128724672228844,73.10041716328963,7.136471990464839,4.849523241954707,12.96185935637664,1.24404052443385,1.3855780691299164,7.762216924910607,17.416567342073897,47.63855780691299,2.16030989272944,3.4862932061978547,3.6129320619785457,1.2887365911799762,0.3873659117997616,2017
rodney,21.984907694380812,47.507074518258996,11.966042312356825,8.893680097021965,6.83870098369492,6.818488074383507,7.950410995822665,5.625926425010106,3.6046354938687504,3.5035709473116827,14.86996361676324,2.8837083950950007,3.234065489826169,0.8017787360194043,7.741544266271393,98.09998652472713,0.20212909311413557,8.819566096213448,1.5766069262902576,12.909311413556123,0.49184745991106316,0.3301441854197547,0.6333378250909582,2.1560436598841126,1.556394016978844,5.531599514890177,0.3166689125454791,2.2840587521897318,2.465974935992454,1.414903651798949,0.2560301846112384,0.39752054979113327,0.2223420024255491,0.0,0.363832367605444,64.08166015361812,6.818488074383507,4.702870233122221,23.015766069262902,1.8326371109014958,1.1723487400619863,7.2699097156717425,15.119256164937338,50.869155100390785,2.775906212100795,4.035844225845573,4.20428513677402,1.1790863764991242,0.28971836679692764,2017
tamaki,29.58927987798235,46.26865671641791,9.00969604532084,6.373243272687656,5.305588844100664,5.81762719250463,8.061880379126267,4.532084105022333,4.052729055452663,3.5515851399934637,17.72524240113302,4.1616733849003165,4.673711733304282,0.9369212332498094,7.233903475324109,95.92548207865781,0.18520536006100882,8.617496459309294,1.1765987580346442,10.992482841268112,0.29414968950866105,0.14162762828194791,0.45756618368013946,1.6886371064386099,0.8061880379126267,4.684606166249047,0.23967752478483492,2.2878309184006973,4.88070595925482,1.6777426734938445,0.30504412245342627,0.44667175073537424,0.7408214402440353,0.0,0.29414968950866105,62.882666957184874,5.719577296001743,5.3491665758797255,20.318117441987145,1.9936812288920363,1.1112321603660529,8.519446562806406,14.696590042488289,49.722191959908486,1.7648981370519665,3.2356465845952718,3.3228020481533935,1.1221265933108182,0.2614663906743654,2017
te atatu,19.57888980038283,46.477075927445085,13.38073101813873,9.178743961352657,7.802388114119041,7.50159511439249,7.419560659921612,6.070549630844955,3.4454470877768664,3.6095159967186223,12.888524291313463,2.5066083310545983,2.9532403609515994,0.5651262419104913,7.082307902652447,99.17054051590557,0.2552183027982864,9.45219214292225,1.6042293318749428,12.059064807219032,0.3554826360404703,0.3828274541974296,0.7747698477805123,2.780056512624191,1.822987877130617,6.353112751800201,0.45574696928265424,1.5951143924892899,1.5586546349466777,1.2122869382918602,0.26433324218393944,0.41928721174004197,0.1276091513991432,0.0,0.21875854525567404,70.76838939021056,7.729468599033816,6.59010117582718,15.221948774040653,1.613344271260596,1.4492753623188406,7.56539969009206,15.887339349193327,48.32740862273266,2.798286391395497,3.9741135721447454,4.666848965454379,1.276091513991432,0.42840215112569496,2017
upper harbour,21.37740635726011,46.336367706312494,11.319206088643487,11.4982838382331,7.663035367855545,7.058647962990598,7.573496493060737,5.752872705566333,3.3950156693030893,3.0144754514251604,11.834054618713624,2.0817788389792566,2.3130875988658413,0.4476943739740337,8.125652887628712,99.35084315773766,0.4775406655723026,7.416803462169826,2.0743172660796896,12.408595731980302,0.5969258319653783,0.4178480823757648,1.081928070437248,2.9174750037307864,2.544396358752425,6.558722578719594,0.4924638113714371,2.3951649007610802,2.768243545739442,1.828085360393971,0.14176988509177735,0.4103865094761976,0.20146246828831518,0.0,0.3730786449783614,59.52842859274735,9.147888374869423,9.834353081629606,22.705566333383075,2.6190120877480974,1.1863900910311893,8.961349052380243,14.229219519474706,48.53753171168482,3.1114758991195344,4.185942396657215,4.305327563050291,1.2311595284285928,0.49992538427100436,2017
auckland central,20.713658597767466,47.04628119904679,12.680295998996613,8.190141728333124,6.685062084535306,6.603536937162925,8.378276683807853,5.32421923993478,3.361344537815126,4.1452401856264895,15.044525272795687,6.126928383293616,4.302019315188762,0.808980308541327,6.114386052928634,98.77712278941428,0.20067728583970904,5.518625360591998,1.3169446883230904,9.852000501693215,0.7337263263514361,0.38881224131443626,0.8654207951837452,1.3483005142355449,1.8060955725573813,3.4616831807349806,0.41389690204439983,1.3232158535055814,2.7843973410259624,1.5740624608052176,0.16932145992725448,0.4327103975918726,0.29474476357707263,0.5016932145992725,0.6145741878841089,70.31230402608804,8.729461934027343,6.145741878841089,20.506710146745267,1.950332371754672,1.1538943935783268,6.935908691834943,16.141979179731596,56.21472469584848,2.891007149128308,4.057443873071617,4.414900288473598,1.273046532045654,0.3574564154019817,2020
botany,27.723768018773047,42.926583975863224,9.763660744217232,10.006704659738517,5.908481394569225,5.556486758297016,9.897753938987597,4.894401609118337,3.310425745893396,3.142809252430439,12.655045256453235,3.8803218236674484,2.9668119342943347,0.6034193764666443,7.241032517599731,95.39054642976869,0.39389875963794835,3.1847133757961785,1.089507207509219,10.962118672477372,1.3157894736842104,0.4693261816962789,1.1146496815286624,1.6426416359369762,2.1873952396915857,4.215554810593362,0.771035869929601,1.709688233322159,4.53402614817298,2.9751927589674825,0.0670465973851827,0.30170968823332217,0.5112303050620182,0.4022795843110962,0.5782769024472008,46.848809922896415,11.78343949044586,13.83674153536708,31.56218571907476,3.092524304391552,1.0643647334897754,8.95072075092189,12.587998659068052,54.79383171304056,2.5645323499832386,3.5534696614146837,3.3020449212202476,0.9973181361045926,0.4022795843110962,2020
east coast bays,20.57874106525248,45.78049342863731,14.722158173852895,10.883098916301591,6.605948812543233,6.640534931980632,8.68111597878718,5.314733686880332,3.6545999538851746,3.700714779801706,13.396356928752596,4.991929905464606,3.550841595572977,0.5418492045192529,6.8480516486050265,99.20451925293982,0.38044731381139035,5.257090154484667,1.17592806087157,11.966797325340096,0.8877103988932442,0.276688955499193,1.2912151256629008,1.5679040811620935,1.9137652755360848,3.9543463223426336,0.5303204980401199,1.2681577127046344,2.6746599031588656,1.7869495042656214,0.14987318422872953,0.39197602029052336,0.4611482591653216,0.4265621397279225,0.5764353239566521,62.39335946506802,10.871570209822458,9.36130966105603,24.48697256167858,2.9513488586580587,1.1413419414341712,8.035508415955729,15.310122204288678,57.009453539312894,3.181922988240719,3.873645376988702,3.9774037353008995,1.2681577127046344,0.3228037814157252,2020
epsom,21.575421575421576,47.56294756294756,10.88011088011088,10.117810117810118,6.822206822206822,6.560406560406561,8.400708400708401,5.882805882805883,3.472703472703473,3.5035035035035036,13.983213983213982,5.151305151305151,3.657503657503657,0.6699006699006699,5.982905982905983,100.02310002310001,0.3927003927003927,4.011704011704012,1.178101178101178,9.763609763609765,0.87010087010087,0.5698005698005698,0.8547008547008548,1.4784014784014783,1.6632016632016633,3.3264033264033266,0.5005005005005005,1.6863016863016864,4.851004851004851,2.5102025102025105,0.1386001386001386,0.40040040040040037,0.5775005775005776,0.5621005621005621,0.7238007238007238,63.5019635019635,10.356510356510357,11.858011858011858,23.9008239008239,2.5025025025025025,1.2320012320012321,8.731808731808732,15.43081543081543,55.52475552475552,2.648802648802649,3.9655039655039657,4.242704242704242,1.2628012628012628,0.36960036960036957,2020
kaipara ki mahurangi,21.277061010277716,46.173190465777395,12.934616225672425,9.5068882571616,6.565711786573365,5.904220424229171,8.555652744369123,5.133391646621474,3.422261097747649,3.5972009621692544,14.990159632626284,5.040454843647496,3.6792040236168817,0.6614913623441943,7.106931992127706,99.1635687732342,0.41548217800131204,4.597638311830308,1.1589766017931336,11.863109556090095,1.104307894161382,0.36081347036956046,1.0933741526350318,1.6181937458998468,2.0063415700852834,3.9580144325388145,0.5576208178438662,1.6181937458998468,3.826809534222611,2.1594139514541877,0.18040673518478023,0.37721408265908596,0.51935272250164,0.34441285808003497,0.7161600699759457,55.01312048983162,9.84583424447846,9.949704788978789,31.325169472993657,2.8537065383774327,1.2683140170566367,7.932429477367155,14.339602011808442,57.27640498578614,2.897441504482834,4.056418106275967,4.171222392302646,1.0824404111086814,0.34987972884321017,2020
kelston,21.473565804274468,46.524184476940384,13.532058492688414,9.100112485939258,6.321709786276715,5.973003374578178,8.312710911136108,4.758155230596175,3.2733408323959505,3.8132733408323958,15.331833520809898,5.838020247469066,4.37570303712036,0.7536557930258717,7.525309336332958,99.5275590551181,0.281214848143982,5.005624296962879,1.1473565804274466,10.48368953880765,1.001124859392576,0.40494938132733405,1.2373453318335208,1.5410573678290214,1.8785151856017999,3.937007874015748,0.3374578177727784,1.9122609673790776,4.195725534308211,2.1484814398200225,0.14623172103487064,0.4161979752530934,0.49493813273340836,0.40494938132733405,0.6186726659167604,58.908886389201356,8.29021372328459,9.966254218222723,30.067491563554555,2.1259842519685037,1.1136107986501687,7.919010123734534,15.410573678290213,57.64904386951631,2.8683914510686166,4.195725534308211,3.937007874015748,1.1698537682789651,0.281214848143982,2020
mangere,25.905821685439,46.71597231646085,9.288913013977474,7.877595331795359,5.21780431537522,5.502781924277378,8.393269100284979,4.417152937983444,3.6368571040846795,3.6300719229203424,17.417560048853304,6.303433301669155,4.8989008006513775,0.8142217397204505,6.961595874609852,99.1043560863075,0.20355543493011263,3.70470891572805,0.997421631157552,11.324467363278599,0.7463699280770796,0.2714072465734835,0.9227846383498439,1.241688153073687,1.5470213054688562,3.080472248609038,0.41389605102456234,2.008413624643778,5.998100149273985,3.4468720314832404,0.18319989143710136,0.3731849640385398,0.8142217397204505,0.3935405075315511,0.8277921020491247,52.89727235717193,8.237209933505223,8.908942868774597,34.88261636585697,3.663997828742027,1.0517030804722487,7.9929434115890885,13.041118197855884,59.994571855068536,2.5715836612837566,3.853982901343466,3.881123626000814,1.0720586239652599,0.25783688424480933,2020
manurewa,21.81383705052344,45.90350477924442,15.350477924442421,9.751934456076468,7.00955848884843,6.725079654073737,8.887118798361401,5.621301775147929,3.356850250341375,3.857532999544834,13.746017296313154,6.06508875739645,4.699590350477925,1.0810195721438325,5.473372781065089,98.97587619481111,0.13654984069185253,6.520254893035958,1.1151570323167956,9.069185252617205,0.785161583978152,0.432407828857533,0.5348202093764224,1.2289485662266726,1.6385980883022302,3.516158397815203,0.45516613563950836,1.3086026399635866,2.8106508875739644,1.615839781520255,0.13654984069185253,0.5234410559854347,0.2958579881656805,0.5803368229403733,0.9330905780609923,74.52207555757852,9.171597633136095,6.508875739644971,16.465634956759217,2.1051433773327264,1.103777878925808,7.85161583978152,18.34319526627219,55.65543923532089,2.43513882567137,3.3340919435593994,3.6640873918980432,1.1606736458807465,0.31861629494765586,2020
maungakiekie,32.57761174803555,45.794151745459224,9.583923740821847,5.680793507664562,4.160762591781528,4.611619219373953,6.891665593198505,3.838722143501224,3.503800077289707,3.4909184593584954,17.274249645755507,5.886899394563957,5.01094937524153,0.7342522220790931,7.819142084245781,90.09403581089785,0.14169779724333376,3.349220662115162,0.7471338400103054,9.893082571170938,0.5410279531109108,0.1288161793121216,0.4250933917300013,0.9403581089784877,1.2108720855339432,2.4217441710678864,0.2318691227618189,2.099703722787582,7.999484735282751,2.898364034522736,0.1545794151745459,0.4122117737987891,1.2366353213963672,0.3735669200051527,0.7342522220790931,44.64768774958135,5.30722658765941,5.487569238696381,36.75125595774829,4.070591266263043,0.8373051655287905,7.8577869380394185,11.74803555326549,59.24256086564472,1.8163081283009146,3.027180213834858,2.486152260723947,0.5796728069045471,0.11593456138090945,2020
mt albert,20.2324352879028,47.945060750132065,13.438985736925515,8.483888008452192,7.004754358161648,6.920232435287903,8.251452720549393,5.620707871104067,3.3174854727945062,4.004226096143687,15.625990491283675,6.201796090861067,4.204965662968832,0.7818277865821448,5.726360274696249,99.66191230850502,0.31695721077654515,6.698362387744321,0.9086106708927628,9.276281035393556,0.7290015847860539,0.3909138932910724,0.7290015847860539,1.2995245641838353,1.468568409931326,3.6555731642894878,0.20073956682514527,1.09878499735869,2.0707871104067617,1.4474379292128896,0.306391970417327,0.4226096143687269,0.26413100898045433,0.40147913365029053,0.6656101426307449,76.71421024828314,8.378235604860011,6.856840993132594,15.25620707871104,1.8383518225039621,1.172741679873217,7.0364500792393025,17.62282091917591,56.354992076069735,2.8420496566296882,3.8246170100369783,4.300052826201796,1.2044374009508716,0.28526148969889065,2020
mt roskill,22.764304660856386,47.08222811671088,13.196286472148541,8.980674497915878,5.977643046608564,6.536566881394467,8.488063660477453,4.812428950359985,3.32512315270936,3.8272072754831377,16.246684350132625,6.801818870784388,4.80295566502463,0.9283819628647214,5.1439939370973855,99.16635089048881,0.3978779840848806,5.598711633194392,1.0136415308829103,10.30693444486548,0.7010231148162183,0.30314513073133764,1.0136415308829103,1.6862447896930655,1.7620310723759,3.6377415687760517,0.378931413414172,1.354679802955665,2.3777946191739296,1.600985221674877,0.2652519893899204,0.407351269420235,0.35998484274346343,0.44524441076165217,0.8431223948465327,70.95490716180372,9.520651762031072,11.434255399772642,15.242516104585068,2.3872679045092835,1.449412656309208,8.317544524441075,17.847669571807504,56.05342932929139,2.2262220538082604,3.2398635846911708,3.628268283440697,1.0799545282303904,0.29367184539598334,2020
new lynn,20.730049834962138,48.26224839816193,11.766228723059996,8.75671477574267,5.947835091579833,6.355575690893793,8.471943563523396,4.9123034107824735,3.6049446637758074,3.8832438029900973,15.371173386835805,5.734256682415378,4.148598796194421,0.7378163225681186,7.093392013461912,99.13274221733221,0.2847712122192738,4.782861950682803,1.0549478998123099,9.662804996440359,0.7378163225681186,0.4077405993139603,0.847841563652838,1.3914956960714517,1.7021552003106595,3.6437771018057084,0.3171315772441913,2.019286777554851,3.1777878454468964,1.7150993463206265,0.1747459711345544,0.3689081612840593,0.31065950423920785,0.3365477962591418,0.731344249563135,61.80182512458741,8.122451621254289,8.446055271503463,28.06290854960844,2.3040579897741247,1.1973335059219468,7.319914568636335,15.51355899294544,57.02543524690958,2.8736004142126723,4.019157336094751,4.504562811468514,1.1908614329169631,0.27829913921429034,2020
north shore,20.413007358177072,46.30904343698077,14.83503441727985,8.889152622834084,6.776643721813434,6.622359363873724,8.390695466413483,5.364348445288393,3.3586517920721577,4.094469499169238,15.523380014241633,6.052694042250177,4.5929266555898405,0.8307619273676715,6.195110372656065,99.89318775219559,0.30856871587942086,6.290054592926656,0.8426299549014953,11.405174460004746,0.7120816520294327,0.3441727984808925,0.7002136244956089,1.4004272489912177,1.4835034417279849,3.963921196297175,0.2729646332779492,1.5309755518632804,2.516021837170662,1.6377877996676953,0.24922857821030148,0.35604082601471637,0.21362449560882982,0.3441727984808925,0.7358177070970804,69.35675290766675,8.53311179681937,7.393781153572276,21.55233800142416,2.2074531212912416,1.3292190837882745,7.19202468549727,15.772608592451935,58.34322335627819,2.9195347733206742,3.821504865891289,4.035129361500118,1.3410871113220983,0.30856871587942086,2020
northcote,22.455247455247456,46.7971217971218,11.925236925236925,8.24850824850825,6.160056160056159,6.37943137943138,8.643383643383643,5.045630045630046,3.22042822042822,3.86977886977887,15.426465426465427,5.616005616005617,4.3875043875043875,0.8950508950508951,7.177957177957178,98.79782379782381,0.22815022815022815,5.177255177255177,0.9915759915759915,9.757809757809758,0.8950508950508951,0.28957528957528955,0.8687258687258688,1.3162513162513163,1.684801684801685,3.7995787995787995,0.40365040365040367,1.7813267813267815,2.965952965952966,1.755001755001755,0.2106002106002106,0.3334503334503335,0.31590031590031586,0.39487539487539486,0.666900666900667,62.135837135837136,7.862407862407863,7.265707265707267,27.878202878202877,2.4657774657774656,1.0705510705510706,6.7830817830817836,14.487539487539488,58.75745875745876,3.237978237978238,4.124254124254125,4.176904176904177,1.2548262548262548,0.26325026325026324,2020
pakuranga,35.47891936144085,42.80597625869832,8.851821530904626,6.692591076545232,3.970528039295947,4.369627507163324,9.660253786328285,3.765861645517806,3.2541956610724516,3.29512893982808,17.836676217765042,6.600491199345068,5.873925501432665,0.7981989357347523,8.964388047482604,94.82194023741302,0.28653295128939826,2.722063037249284,0.7163323782234957,9.701187065083912,0.757265656979124,0.2251330331559558,0.49119934506753987,1.013098649201801,1.1563651248465001,2.793696275071633,0.255832992222677,2.6094965206713057,7.6135898485468685,4.2468276708964385,0.13303315595579204,0.2967662709783054,1.0335652885796152,0.3274662300450266,0.9107654523127302,42.294310274252965,6.610724519033975,6.9688907081457225,42.72410970118706,4.021694637740484,0.9516987310683586,7.736389684813753,12.09578387228817,62.48465002046664,2.046663937781416,3.0495292672943104,2.660663119115841,0.6753990994678674,0.1637331150225133,2020
panmure-otahuhu,25.335673541026765,47.38043001316367,10.223782360684512,9.021500658183413,6.143045195261079,6.064063185607722,7.819218955682317,5.283018867924529,3.4839842035980695,3.54541465555068,14.874945151382185,5.607722685388328,4.510750329091707,0.8512505484861781,5.906099166301009,96.80561649846425,0.3861342694164107,3.826239578762615,0.8161474330846862,10.522158841597191,0.8512505484861781,0.4826678367705134,0.9653356735410268,1.3953488372093024,1.6761737604212374,3.352347520842475,0.6669591926283458,1.8165862220272049,4.642387011847301,2.308029837648091,0.14041246160596754,0.47389205792014044,0.587977182974989,0.39491004826678366,0.88635366388767,57.99034664326459,12.180781044317683,12.294866169372531,24.34401053093462,2.8170250109697235,1.0794207985958755,9.45151382185169,15.831505046072838,54.60289600702062,2.1676173760421236,3.326020184291356,3.0978499341816583,1.0267661254936375,0.34225537516454585,2020
papakura,18.472236218885417,46.02438778595183,17.73657160133024,11.679935503375996,8.656656253149249,7.608586113070643,7.8000604655850045,6.792300715509422,3.748866270281165,4.0511941953038395,11.639625113372972,4.645772447848433,3.1845208102388387,0.6550438375491283,4.2426685478182,98.11548926735865,0.2620175350196513,6.7419127280056435,0.9573717625718028,7.538042930565353,0.8868285800665121,0.49380227753703515,0.5441902650408142,1.2697772850952331,1.8643555376398266,4.373677315328026,0.8868285800665121,0.896906177567268,2.1566058651617452,0.725587020054419,0.12093117000906983,0.43333669253250023,0.24186234001813967,0.5139574725385467,0.5945782525445933,78.29285498337197,11.770633880882798,6.671369545500353,10.813262118310995,1.2093117000906983,1.169001310087675,8.86828580066512,19.67147032147536,51.62753199637207,2.1969162551647687,3.1039000302327926,3.587624710269072,1.3302428700997682,0.3728711075279653,2020
port waikato,18.962824117463292,44.91304800583151,15.911694262209727,13.162553368738935,8.226595855461834,7.508070394668333,8.059981255857544,6.362595022388836,3.498906591690097,3.5509736540664374,11.277725710715401,4.029990627928772,2.8116213683223994,0.5831510986150161,4.675622201395397,99.94793293762366,0.22909507445589922,5.769030511298553,0.8122461730709154,9.309590752889722,0.8018327605956471,0.49984379881287094,0.8226595855461835,1.926481307924607,1.6036655211912942,4.15495157763199,1.072581484952619,0.9892741851504738,2.363844631885869,2.999062792877226,0.07289388732687702,0.44777673643653026,0.5206706237634072,0.37488284910965325,0.645631573466625,70.1864000833073,12.86056440695616,10.04894303863376,16.598979485577424,2.2492970946579196,1.1350619598042277,9.642819952098304,17.91106945746121,52.15036967614287,2.447151931688014,3.42601270436322,3.7175882536707276,1.3953972716859315,0.47901697386233466,2020
takanini,19.92092020129403,46.010064701653484,16.18260244428469,10.1078360891445,6.534867002156722,6.340762041696621,7.785765636232926,5.161754133716751,3.378864126527678,3.9324227174694464,14.816678648454348,5.686556434219986,4.306254493170381,0.9130122214234364,6.556434219985621,98.9000718907261,0.2156721782890007,6.153846153846154,1.128684399712437,10.007189072609632,0.7189072609633357,0.41696621135873474,0.8483105679367362,1.2940330697340043,1.3946800862688713,3.6736161035226456,0.33788641265276775,1.488138030194105,7.361610352264558,3.2278936017253774,0.12940330697340044,0.39539899352983465,0.7045291157440691,0.38102084831056793,0.7332854061826024,63.191948238677206,7.972681524083393,8.425593098490294,26.836808051761324,2.0992092020129403,0.9417685118619697,7.32566498921639,16.534867002156723,57.23220704529116,2.473040977713875,3.7886412652767794,3.8533429187634796,1.1214953271028036,0.33069734004313445,2020
tamaki,28.34678253672667,46.98944754810677,10.542106352162218,6.093523691289055,4.73825781088351,5.286571487688806,8.13159528243327,3.993378853714049,3.4761018001241464,3.7243947858473,19.563418166770123,7.645354852058762,6.321125594868611,1.1069728946823918,6.341816677012208,96.96875646596317,0.14483757500517278,5.648665425201738,0.7034967928822677,10.169666873577487,0.6828057107386716,0.16552865714876888,0.4552038071591144,0.951789778605421,0.7862611214566521,2.876060417959859,0.2069108214359611,1.8104696875646598,6.610800744878957,2.1208359197186013,0.14483757500517278,0.42416718394372027,0.7862611214566521,0.4965859714463066,0.8897165321746328,63.48024001655287,6.538381957376371,5.63831988412994,25.915580384854124,3.072625698324022,1.0552451893234016,7.624663769915166,15.15621767018415,60.25243120215187,1.903579557210842,3.2588454376163876,3.35195530726257,0.9207531553900269,0.186219739292365,2020
te atatu,20.05587538096851,46.207246867592275,14.02810700982052,8.889265154080595,6.891296986115815,6.637317981713512,8.355909244835761,5.545208262783611,3.310193024043346,3.8435489332881816,14.7646461225872,5.629867930917711,4.173721639011175,0.7280731459532679,6.349475110057569,99.48357602438197,0.17778530308161192,5.5367422959702,1.117507619370132,10.08296647477142,0.8635286149678293,0.3386386725364037,0.7111412123264477,1.5662038604808668,1.9048425330172707,3.9451405350491027,0.39790044023027427,1.4307483914663055,2.3789366745682354,1.4222824246528953,0.16931933626820184,0.36403657297663394,0.2963088384693532,0.43176430748391464,0.6180155773789366,67.26210633254318,8.533694547917372,8.118862174060277,23.07822553335591,2.3789366745682354,1.1259735861835423,6.874365052488994,16.280054182187605,56.53572637995259,2.8360988824923807,3.9536065018625126,4.343040975279377,1.2529630883846934,0.33017270572299356,2020
upper harbour,21.56311498453753,46.50688782682035,11.751475962890076,10.163058757379813,6.501265111048636,6.311498453753163,8.441102052291257,5.229125667697498,3.6336800674725898,3.436885015462468,14.063817824008995,4.638740511667136,3.668822041045825,0.6114703401743041,7.6117514759628895,99.69075063255552,0.43576047230812476,3.746134382906944,1.1948271014900198,11.287601911723362,1.1034579701996066,0.3935901040202418,1.131571549058195,1.7781838628057351,2.0312060725330334,4.132696092212538,0.6395839190328929,1.9679505201012089,3.373629463030644,1.9749789148158563,0.11245431543435479,0.3584481304470059,0.3514197357323587,0.4919876300253022,0.6255271296035986,54.67388248524037,10.465279730109643,11.34382906944054,31.339612032611754,3.0222097272982853,1.3424233904976104,8.567613157154906,14.520663480461064,56.31149845375316,3.0011245431543436,4.139724486927186,4.062412145066067,1.131571549058195,0.3795333145909474,2020
whangaparaoa,22.315709477798286,46.88958853544675,12.783628270546085,9.081532949734013,6.323960482032352,5.971121485180762,8.592986646401043,5.1297361849962,3.4089675388122895,3.8812289653674954,15.660623167951362,5.515144935403322,4.348062099663446,0.8685267614808381,6.834219954402345,98.3389425686679,0.3148409510368038,4.945174248181522,1.02594723699924,11.355987406361958,0.9173813918141352,0.29312778199978284,1.0802301595917925,1.3462164802952992,1.6773423081098686,3.8866572576267506,0.43426338074041904,1.975898382368907,3.3546846162197372,1.8673325371838019,0.2117033981109543,0.4125502117033981,0.4234067962219086,0.39083704266637714,0.6296819020736076,57.86559548366084,9.352947562696775,8.27814569536424,30.859841493866032,2.459016393442623,1.1399413744436002,7.501899902290739,14.640104223211377,58.33785691021605,2.8987080664422975,3.848659211811964,4.011507979589621,1.069373575073282,0.2551297361849962,2020
auckland central,20.713658597767463,47.04628119904678,12.680295998996613,8.190141728333124,6.685062084535306,6.603536937162925,8.378276683807853,5.32421923993478,3.361344537815126,4.1452401856264895,15.044525272795687,6.126928383293617,4.302019315188762,0.8089803085413272,6.1143860529286345,98.77712278941428,0.200677285839709,5.518625360591998,1.3169446883230902,9.852000501693215,0.7337263263514361,0.3888122413144362,0.8654207951837449,1.3483005142355449,1.8060955725573808,3.4616831807349797,0.41389690204439983,1.3232158535055816,2.7843973410259633,1.5740624608052176,0.1693214599272545,0.43271039759187246,0.2947447635770727,0.5016932145992725,0.6145741878841089,70.31230402608806,8.729461934027343,6.145741878841089,20.506710146745263,1.950332371754672,1.1538943935783268,6.935908691834943,16.141979179731596,56.214724695848496,2.8910071491283085,4.057443873071617,4.414900288473598,1.273046532045654,0.35745641540198164,2023
botany,27.723768018773043,42.926583975863224,9.763660744217232,10.006704659738515,5.9084813945692245,5.556486758297016,9.897753938987595,4.894401609118336,3.310425745893396,3.142809252430439,12.655045256453231,3.8803218236674484,2.966811934294334,0.6034193764666442,7.241032517599731,95.39054642976869,0.3938987596379483,3.1847133757961776,1.089507207509219,10.96211867247737,1.3157894736842104,0.4693261816962789,1.1146496815286622,1.6426416359369762,2.1873952396915857,4.215554810593361,0.771035869929601,1.7096882333221586,4.53402614817298,2.975192758967482,0.06704659738518269,0.3017096882333221,0.511230305062018,0.4022795843110961,0.5782769024472006,46.84880992289641,11.78343949044586,13.83674153536708,31.562185719074748,3.092524304391552,1.0643647334897752,8.950720750921889,12.58799865906805,54.79383171304056,2.5645323499832378,3.553469661414683,3.3020449212202476,0.9973181361045929,0.4022795843110961,2023
east coast bays,20.57874106525248,45.7804934286373,14.722158173852891,10.883098916301591,6.6059488125432315,6.640534931980631,8.68111597878718,5.314733686880332,3.654599953885173,3.700714779801707,13.396356928752592,4.991929905464606,3.550841595572976,0.5418492045192529,6.848051648605027,99.2045192529398,0.3804473138113903,5.257090154484667,1.17592806087157,11.966797325340096,0.887710398893244,0.2766889554991929,1.2912151256629005,1.5679040811620935,1.9137652755360848,3.9543463223426327,0.5303204980401198,1.2681577127046344,2.674659903158865,1.7869495042656214,0.14987318422872953,0.39197602029052336,0.4611482591653216,0.4265621397279224,0.576435323956652,62.39335946506802,10.871570209822458,9.36130966105603,24.486972561678577,2.9513488586580583,1.1413419414341712,8.035508415955729,15.310122204288678,57.00945353931288,3.1819229882407187,3.873645376988702,3.9774037353008986,1.2681577127046344,0.32280378141572513,2023
epsom,21.575421575421576,47.562947562947556,10.88011088011088,10.117810117810118,6.822206822206822,6.560406560406561,8.4007084007084,5.882805882805883,3.472703472703473,3.503503503503503,13.983213983213982,5.151305151305151,3.657503657503657,0.6699006699006699,5.982905982905983,100.02310002310001,0.3927003927003927,4.011704011704011,1.1781011781011779,9.763609763609765,0.8701008701008699,0.5698005698005697,0.8547008547008548,1.4784014784014783,1.6632016632016633,3.3264033264033257,0.5005005005005004,1.686301686301686,4.85100485100485,2.5102025102025105,0.1386001386001386,0.4004004004004003,0.5775005775005775,0.562100562100562,0.7238007238007238,63.50196350196349,10.356510356510356,11.858011858011857,23.9008239008239,2.5025025025025025,1.232001232001232,8.73180873180873,15.43081543081543,55.52475552475552,2.6488026488026484,3.9655039655039652,4.242704242704242,1.2628012628012628,0.36960036960036957,2023
kaipara ki mahurangi,21.277061010277716,46.173190465777395,12.934616225672425,9.5068882571616,6.565711786573365,5.904220424229171,8.555652744369121,5.133391646621474,3.422261097747649,3.5972009621692544,14.990159632626284,5.040454843647496,3.6792040236168813,0.6614913623441941,7.106931992127706,99.16356877323419,0.41548217800131204,4.597638311830308,1.1589766017931336,11.863109556090095,1.104307894161382,0.36081347036956046,1.0933741526350316,1.6181937458998468,2.006341570085283,3.9580144325388154,0.5576208178438662,1.6181937458998468,3.8268095342226105,2.1594139514541872,0.18040673518478023,0.3772140826590859,0.51935272250164,0.34441285808003497,0.7161600699759457,55.013120489831614,9.84583424447846,9.949704788978787,31.325169472993657,2.8537065383774323,1.2683140170566367,7.932429477367155,14.339602011808442,57.276404985786144,2.8974415044828343,4.056418106275967,4.171222392302646,1.0824404111086814,0.34987972884321006,2023
kelston,21.473565804274468,46.52418447694038,13.532058492688417,9.100112485939258,6.321709786276715,5.9730033745781785,8.31271091113611,4.758155230596175,3.2733408323959505,3.8132733408323958,15.331833520809901,5.838020247469067,4.37570303712036,0.7536557930258717,7.52530933633296,99.52755905511812,0.281214848143982,5.00562429696288,1.1473565804274466,10.48368953880765,1.0011248593925761,0.40494938132733405,1.2373453318335208,1.5410573678290214,1.8785151856017999,3.937007874015748,0.3374578177727784,1.9122609673790776,4.195725534308211,2.148481439820023,0.14623172103487067,0.4161979752530933,0.49493813273340825,0.40494938132733405,0.6186726659167604,58.908886389201356,8.290213723284591,9.966254218222723,30.06749156355456,2.125984251968504,1.1136107986501689,7.919010123734534,15.410573678290213,57.64904386951631,2.868391451068617,4.195725534308211,3.937007874015748,1.1698537682789654,0.281214848143982,2023
mangere,25.905821685439,46.71597231646085,9.288913013977474,7.877595331795359,5.217804315375221,5.502781924277379,8.393269100284977,4.417152937983444,3.6368571040846795,3.6300719229203424,17.417560048853304,6.303433301669155,4.898900800651378,0.8142217397204505,6.961595874609852,99.1043560863075,0.20355543493011263,3.70470891572805,0.997421631157552,11.3244673632786,0.7463699280770796,0.2714072465734835,0.9227846383498439,1.241688153073687,1.5470213054688562,3.080472248609038,0.4138960510245624,2.008413624643778,5.998100149273986,3.4468720314832404,0.1831998914371014,0.3731849640385398,0.8142217397204505,0.3935405075315511,0.8277921020491248,52.89727235717194,8.237209933505223,8.908942868774597,34.882616365856975,3.663997828742028,1.0517030804722487,7.992943411589091,13.041118197855884,59.99457185506852,2.5715836612837566,3.853982901343466,3.881123626000814,1.07205862396526,0.25783688424480933,2023
manurewa,21.81383705052344,45.90350477924442,15.350477924442425,9.75193445607647,7.009558488848429,6.725079654073736,8.887118798361403,5.621301775147931,3.356850250341374,3.857532999544834,13.746017296313154,6.06508875739645,4.699590350477925,1.0810195721438325,5.473372781065089,98.97587619481111,0.13654984069185253,6.520254893035958,1.1151570323167956,9.069185252617206,0.785161583978152,0.432407828857533,0.5348202093764225,1.2289485662266728,1.6385980883022306,3.516158397815203,0.45516613563950836,1.3086026399635866,2.810650887573965,1.615839781520255,0.13654984069185253,0.5234410559854347,0.2958579881656805,0.5803368229403733,0.9330905780609923,74.52207555757852,9.171597633136095,6.508875739644971,16.465634956759217,2.1051433773327264,1.103777878925808,7.85161583978152,18.34319526627219,55.65543923532089,2.43513882567137,3.334091943559399,3.6640873918980423,1.1606736458807465,0.31861629494765586,2023
maungakiekie,32.57761174803556,45.79415174545923,9.583923740821849,5.680793507664562,4.160762591781528,4.611619219373953,6.891665593198505,3.8387221435012235,3.503800077289708,3.4909184593584954,17.274249645755507,5.886899394563957,5.01094937524153,0.734252222079093,7.819142084245781,90.09403581089785,0.14169779724333376,3.349220662115162,0.7471338400103053,9.893082571170938,0.5410279531109107,0.1288161793121216,0.4250933917300013,0.9403581089784877,1.2108720855339432,2.4217441710678864,0.2318691227618189,2.099703722787582,7.999484735282751,2.8983640345227357,0.1545794151745459,0.4122117737987891,1.2366353213963672,0.3735669200051526,0.734252222079093,44.647687749581344,5.30722658765941,5.48756923869638,36.75125595774829,4.070591266263043,0.8373051655287903,7.857786938039417,11.748035553265488,59.24256086564472,1.8163081283009148,3.027180213834858,2.486152260723947,0.5796728069045471,0.11593456138090945,2023
mt albert,20.2324352879028,47.94506075013206,13.438985736925515,8.483888008452192,7.004754358161648,6.920232435287901,8.251452720549391,5.6207078711040666,3.3174854727945053,4.004226096143687,15.625990491283678,6.201796090861066,4.204965662968832,0.7818277865821446,5.7263602746962485,99.66191230850501,0.31695721077654515,6.698362387744321,0.9086106708927627,9.276281035393556,0.7290015847860537,0.3909138932910723,0.7290015847860537,1.2995245641838349,1.468568409931326,3.6555731642894878,0.20073956682514524,1.09878499735869,2.0707871104067617,1.4474379292128894,0.30639197041732696,0.4226096143687268,0.2641310089804543,0.4014791336502905,0.6656101426307448,76.71421024828314,8.37823560486001,6.856840993132594,15.25620707871104,1.8383518225039621,1.172741679873217,7.0364500792393025,17.62282091917591,56.35499207606972,2.8420496566296882,3.824617010036978,4.300052826201795,1.2044374009508718,0.28526148969889065,2023
mt roskill,22.764304660856386,47.08222811671087,13.196286472148541,8.980674497915876,5.977643046608564,6.536566881394467,8.488063660477453,4.812428950359985,3.32512315270936,3.8272072754831377,16.24668435013263,6.8018188707843885,4.80295566502463,0.9283819628647214,5.1439939370973855,99.16635089048881,0.39787798408488056,5.598711633194391,1.0136415308829103,10.30693444486548,0.7010231148162182,0.3031451307313376,1.0136415308829103,1.6862447896930657,1.7620310723759,3.6377415687760513,0.378931413414172,1.354679802955665,2.3777946191739296,1.600985221674877,0.2652519893899204,0.40735126942023486,0.35998484274346343,0.44524441076165205,0.8431223948465328,70.9549071618037,9.52065176203107,11.43425539977264,15.242516104585071,2.3872679045092835,1.4494126563092078,8.317544524441077,17.847669571807504,56.05342932929139,2.226222053808261,3.2398635846911703,3.628268283440697,1.0799545282303904,0.2936718453959833,2023
new lynn,20.730049834962134,48.26224839816193,11.766228723059996,8.75671477574267,5.947835091579833,6.355575690893793,8.471943563523396,4.9123034107824735,3.604944663775807,3.8832438029900973,15.371173386835805,5.734256682415378,4.148598796194421,0.7378163225681187,7.093392013461912,99.13274221733221,0.2847712122192739,4.782861950682804,1.0549478998123096,9.66280499644036,0.7378163225681187,0.4077405993139603,0.847841563652838,1.3914956960714515,1.7021552003106597,3.6437771018057084,0.31713157724419133,2.0192867775548504,3.1777878454468964,1.7150993463206265,0.17474597113455442,0.36890816128405923,0.31065950423920785,0.33654779625914183,0.731344249563135,61.80182512458741,8.122451621254287,8.446055271503463,28.062908549608434,2.3040579897741247,1.1973335059219468,7.319914568636335,15.51355899294544,57.02543524690958,2.8736004142126723,4.019157336094752,4.504562811468514,1.1908614329169633,0.27829913921429034,2023
north shore,20.41300735817707,46.309043436980765,14.835034417279847,8.889152622834084,6.776643721813434,6.622359363873724,8.390695466413483,5.3643484452883925,3.3586517920721572,4.0944694991692385,15.523380014241633,6.052694042250177,4.59292665558984,0.8307619273676714,6.195110372656064,99.89318775219557,0.30856871587942086,6.290054592926656,0.8426299549014953,11.405174460004746,0.7120816520294327,0.3441727984808925,0.7002136244956088,1.4004272489912175,1.4835034417279847,3.963921196297175,0.2729646332779492,1.5309755518632804,2.516021837170662,1.6377877996676948,0.24922857821030148,0.3560408260147163,0.21362449560882982,0.34417279848089244,0.7358177070970804,69.35675290766675,8.53311179681937,7.393781153572278,21.552338001424165,2.2074531212912416,1.3292190837882742,7.19202468549727,15.772608592451936,58.34322335627817,2.9195347733206742,3.8215048658912885,4.035129361500119,1.3410871113220981,0.30856871587942086,2023
northcote,22.455247455247456,46.7971217971218,11.925236925236927,8.248508248508248,6.16005616005616,6.37943137943138,8.643383643383643,5.045630045630045,3.2204282204282197,3.86977886977887,15.426465426465427,5.616005616005616,4.387504387504388,0.8950508950508951,7.177957177957178,98.79782379782378,0.22815022815022815,5.1772551772551765,0.9915759915759914,9.757809757809758,0.8950508950508951,0.28957528957528955,0.8687258687258688,1.316251316251316,1.684801684801685,3.7995787995787995,0.40365040365040367,1.7813267813267815,2.965952965952966,1.755001755001755,0.2106002106002106,0.3334503334503334,0.31590031590031586,0.39487539487539486,0.6669006669006668,62.135837135837136,7.862407862407863,7.265707265707265,27.878202878202877,2.4657774657774656,1.0705510705510706,6.7830817830817836,14.487539487539486,58.75745875745876,3.237978237978238,4.124254124254124,4.176904176904177,1.2548262548262548,0.26325026325026324,2023
pakuranga,35.47891936144085,42.80597625869832,8.851821530904626,6.692591076545232,3.970528039295948,4.369627507163323,9.660253786328287,3.765861645517806,3.2541956610724525,3.29512893982808,17.836676217765046,6.600491199345068,5.873925501432666,0.7981989357347525,8.964388047482604,94.82194023741303,0.2865329512893983,2.722063037249284,0.7163323782234957,9.701187065083912,0.757265656979124,0.22513303315595581,0.49119934506754,1.0130986492018013,1.1563651248465001,2.793696275071633,0.255832992222677,2.609496520671306,7.61358984854687,4.246827670896439,0.13303315595579207,0.2967662709783054,1.0335652885796152,0.3274662300450266,0.9107654523127303,42.294310274252965,6.610724519033975,6.968890708145723,42.724109701187075,4.021694637740484,0.9516987310683588,7.736389684813755,12.095783872288171,62.484650020466646,2.046663937781416,3.0495292672943104,2.660663119115841,0.6753990994678674,0.1637331150225133,2023
panmure-otahuhu,25.33567354102676,47.38043001316366,10.223782360684512,9.021500658183413,6.143045195261078,6.064063185607722,7.819218955682315,5.283018867924527,3.4839842035980686,3.545414655550679,14.874945151382185,5.607722685388328,4.510750329091707,0.8512505484861781,5.906099166301009,96.80561649846423,0.3861342694164106,3.826239578762615,0.8161474330846862,10.52215884159719,0.8512505484861781,0.4826678367705133,0.9653356735410266,1.3953488372093021,1.6761737604212374,3.352347520842474,0.6669591926283457,1.8165862220272044,4.642387011847302,2.308029837648091,0.1404124616059675,0.4738920579201404,0.5879771829749889,0.3949100482667836,0.8863536638876698,57.99034664326458,12.180781044317682,12.29486616937253,24.344010530934618,2.8170250109697235,1.079420798595875,9.45151382185169,15.831505046072838,54.602896007020604,2.167617376042123,3.3260201842913553,3.0978499341816583,1.0267661254936375,0.3422553751645458,2023
papakura,18.472236218885417,46.02438778595183,17.73657160133024,11.679935503375996,8.65665625314925,7.608586113070643,7.800060465585005,6.792300715509423,3.748866270281165,4.0511941953038395,11.639625113372972,4.645772447848433,3.1845208102388396,0.6550438375491283,4.242668547818201,98.11548926735867,0.26201753501965136,6.741912728005644,0.9573717625718028,7.538042930565353,0.8868285800665123,0.49380227753703526,0.5441902650408144,1.2697772850952331,1.8643555376398266,4.373677315328026,0.8868285800665123,0.8969061775672681,2.1566058651617452,0.725587020054419,0.12093117000906983,0.43333669253250023,0.24186234001813967,0.5139574725385467,0.5945782525445933,78.29285498337197,11.770633880882798,6.671369545500354,10.813262118310995,1.2093117000906983,1.169001310087675,8.86828580066512,19.67147032147536,51.62753199637207,2.196916255164769,3.1039000302327926,3.587624710269072,1.3302428700997682,0.3728711075279653,2023
port waikato,18.962824117463292,44.913048005831506,15.911694262209727,13.162553368738935,8.226595855461834,7.508070394668333,8.059981255857545,6.362595022388836,3.498906591690097,3.5509736540664383,11.277725710715401,4.029990627928772,2.8116213683223994,0.5831510986150161,4.675622201395397,99.94793293762366,0.22909507445589922,5.7690305112985545,0.8122461730709154,9.309590752889722,0.8018327605956471,0.49984379881287094,0.8226595855461835,1.926481307924607,1.6036655211912947,4.15495157763199,1.0725814849526192,0.9892741851504738,2.3638446318858692,2.9990627928772255,0.07289388732687702,0.44777673643653026,0.5206706237634073,0.3748828491096532,0.6456315734666249,70.1864000833073,12.860564406956163,10.048943038633762,16.598979485577424,2.249297094657919,1.135061959804228,9.642819952098304,17.911069457461213,52.15036967614287,2.4471519316880146,3.42601270436322,3.7175882536707276,1.3953972716859318,0.47901697386233466,2023
takanini,19.920920201294027,46.010064701653484,16.182602444284687,10.107836089144499,6.534867002156722,6.340762041696621,7.785765636232925,5.16175413371675,3.3788641265276773,3.9324227174694455,14.816678648454348,5.686556434219985,4.306254493170381,0.9130122214234362,6.556434219985621,98.9000718907261,0.2156721782890007,6.153846153846153,1.128684399712437,10.007189072609632,0.7189072609633357,0.41696621135873463,0.8483105679367361,1.2940330697340041,1.3946800862688713,3.6736161035226456,0.33788641265276775,1.4881380301941047,7.361610352264557,3.227893601725377,0.1294033069734004,0.39539899352983454,0.704529115744069,0.3810208483105679,0.7332854061826024,63.191948238677206,7.9726815240833915,8.425593098490292,26.836808051761317,2.0992092020129403,0.9417685118619696,7.32566498921639,16.534867002156723,57.23220704529115,2.473040977713875,3.7886412652767785,3.853342918763479,1.1214953271028036,0.33069734004313445,2023
tamaki,28.346782536726668,46.98944754810677,10.542106352162218,6.093523691289054,4.738257810883509,5.286571487688806,8.13159528243327,3.9933788537140495,3.4761018001241464,3.7243947858472994,19.563418166770123,7.645354852058762,6.321125594868611,1.1069728946823918,6.341816677012208,96.96875646596317,0.14483757500517278,5.648665425201738,0.7034967928822679,10.169666873577489,0.6828057107386716,0.16552865714876885,0.4552038071591143,0.951789778605421,0.7862611214566521,2.876060417959859,0.2069108214359611,1.8104696875646593,6.610800744878957,2.120835919718601,0.14483757500517278,0.42416718394372027,0.7862611214566521,0.4965859714463066,0.8897165321746326,63.48024001655287,6.5383819573763695,5.63831988412994,25.915580384854124,3.072625698324022,1.0552451893234016,7.624663769915167,15.15621767018415,60.25243120215187,1.903579557210842,3.2588454376163876,3.35195530726257,0.9207531553900269,0.186219739292365,2023
te atatu,20.055875380968505,46.207246867592275,14.02810700982052,8.889265154080595,6.8912969861158135,6.637317981713512,8.355909244835761,5.545208262783609,3.310193024043346,3.8435489332881807,14.7646461225872,5.62986793091771,4.173721639011175,0.7280731459532678,6.3494751100575675,99.48357602438197,0.1777853030816119,5.5367422959702,1.1175076193701319,10.082966474771418,0.8635286149678293,0.3386386725364036,0.7111412123264477,1.5662038604808668,1.9048425330172702,3.9451405350491027,0.39790044023027427,1.4307483914663053,2.378936674568235,1.4222824246528953,0.1693193362682018,0.3640365729766339,0.29630883846935313,0.43176430748391464,0.6180155773789365,67.26210633254318,8.533694547917372,8.118862174060277,23.07822553335591,2.378936674568235,1.1259735861835418,6.874365052488994,16.280054182187605,56.53572637995259,2.8360988824923803,3.9536065018625117,4.343040975279377,1.2529630883846934,0.33017270572299356,2023
upper harbour,21.563114984537528,46.506887826820346,11.751475962890076,10.163058757379813,6.501265111048636,6.311498453753163,8.441102052291257,5.229125667697499,3.633680067472589,3.436885015462468,14.063817824008998,4.638740511667136,3.668822041045825,0.6114703401743042,7.6117514759628895,99.69075063255552,0.43576047230812476,3.746134382906944,1.1948271014900198,11.287601911723362,1.1034579701996066,0.3935901040202418,1.1315715490581952,1.7781838628057354,2.0312060725330334,4.132696092212538,0.6395839190328929,1.9679505201012089,3.373629463030644,1.9749789148158559,0.11245431543435479,0.3584481304470059,0.3514197357323587,0.4919876300253022,0.6255271296035985,54.67388248524038,10.465279730109645,11.34382906944054,31.339612032611754,3.0222097272982853,1.3424233904976106,8.567613157154904,14.520663480461064,56.31149845375316,3.001124543154343,4.139724486927187,4.062412145066067,1.1315715490581952,0.37953331459094747,2023
whangaparaoa,22.315709477798283,46.88958853544675,12.783628270546085,9.081532949734013,6.323960482032353,5.971121485180763,8.592986646401043,5.1297361849962,3.4089675388122895,3.8812289653674945,15.66062316795136,5.515144935403322,4.348062099663446,0.8685267614808381,6.834219954402346,98.3389425686679,0.3148409510368038,4.945174248181522,1.02594723699924,11.355987406361958,0.9173813918141352,0.29312778199978284,1.0802301595917925,1.3462164802952992,1.6773423081098686,3.8866572576267506,0.43426338074041904,1.9758983823689065,3.3546846162197372,1.8673325371838019,0.2117033981109543,0.4125502117033981,0.4234067962219086,0.3908370426663771,0.6296819020736076,57.86559548366084,9.352947562696775,8.278145695364238,30.859841493866025,2.459016393442623,1.1399413744436,7.501899902290739,14.640104223211377,58.33785691021605,2.898708066442297,3.848659211811964,4.011507979589622,1.069373575073282,0.2551297361849962,2023
auckland central,20.713658597767463,47.04628119904678,12.680295998996613,8.190141728333124,6.685062084535306,6.603536937162925,8.378276683807853,5.32421923993478,3.361344537815126,4.1452401856264895,15.044525272795687,6.126928383293617,4.302019315188762,0.8089803085413272,6.1143860529286345,98.77712278941428,0.200677285839709,5.518625360591998,1.3169446883230902,9.852000501693215,0.7337263263514361,0.3888122413144362,0.8654207951837449,1.3483005142355449,1.8060955725573808,3.4616831807349797,0.41389690204439983,1.3232158535055816,2.7843973410259633,1.5740624608052176,0.1693214599272545,0.43271039759187246,0.2947447635770727,0.5016932145992725,0.6145741878841089,70.31230402608806,8.729461934027343,6.145741878841089,20.506710146745263,1.950332371754672,1.1538943935783268,6.935908691834943,16.141979179731596,56.214724695848496,2.8910071491283085,4.057443873071617,4.414900288473598,1.273046532045654,0.35745641540198164,2024
botany,27.723768018773043,42.926583975863224,9.763660744217232,10.006704659738515,5.9084813945692245,5.556486758297016,9.897753938987595,4.894401609118336,3.310425745893396,3.142809252430439,12.655045256453231,3.8803218236674484,2.966811934294334,0.6034193764666442,7.241032517599731,95.39054642976869,0.3938987596379483,3.1847133757961776,1.089507207509219,10.96211867247737,1.3157894736842104,0.4693261816962789,1.1146496815286622,1.6426416359369762,2.1873952396915857,4.215554810593361,0.771035869929601,1.7096882333221586,4.53402614817298,2.975192758967482,0.06704659738518269,0.3017096882333221,0.511230305062018,0.4022795843110961,0.5782769024472006,46.84880992289641,11.78343949044586,13.83674153536708,31.562185719074748,3.092524304391552,1.0643647334897752,8.950720750921889,12.58799865906805,54.79383171304056,2.5645323499832378,3.553469661414683,3.3020449212202476,0.9973181361045929,0.4022795843110961,2024
east coast bays,20.57874106525248,45.7804934286373,14.722158173852891,10.883098916301591,6.6059488125432315,6.640534931980631,8.68111597878718,5.314733686880332,3.654599953885173,3.700714779801707,13.396356928752592,4.991929905464606,3.550841595572976,0.5418492045192529,6.848051648605027,99.2045192529398,0.3804473138113903,5.257090154484667,1.17592806087157,11.966797325340096,0.887710398893244,0.2766889554991929,1.2912151256629005,1.5679040811620935,1.9137652755360848,3.9543463223426327,0.5303204980401198,1.2681577127046344,2.674659903158865,1.7869495042656214,0.14987318422872953,0.39197602029052336,0.4611482591653216,0.4265621397279224,0.576435323956652,62.39335946506802,10.871570209822458,9.36130966105603,24.486972561678577,2.9513488586580583,1.1413419414341712,8.035508415955729,15.310122204288678,57.00945353931288,3.1819229882407187,3.873645376988702,3.9774037353008986,1.2681577127046344,0.32280378141572513,2024
epsom,21.575421575421576,47.562947562947556,10.88011088011088,10.117810117810118,6.822206822206822,6.560406560406561,8.4007084007084,5.882805882805883,3.472703472703473,3.503503503503503,13.983213983213982,5.151305151305151,3.657503657503657,0.6699006699006699,5.982905982905983,100.02310002310001,0.3927003927003927,4.011704011704011,1.1781011781011779,9.763609763609765,0.8701008701008699,0.5698005698005697,0.8547008547008548,1.4784014784014783,1.6632016632016633,3.3264033264033257,0.5005005005005004,1.686301686301686,4.85100485100485,2.5102025102025105,0.1386001386001386,0.4004004004004003,0.5775005775005775,0.562100562100562,0.7238007238007238,63.50196350196349,10.356510356510356,11.858011858011857,23.9008239008239,2.5025025025025025,1.232001232001232,8.73180873180873,15.43081543081543,55.52475552475552,2.6488026488026484,3.9655039655039652,4.242704242704242,1.2628012628012628,0.36960036960036957,2024
kaipara ki mahurangi,21.277061010277716,46.173190465777395,12.934616225672425,9.5068882571616,6.565711786573365,5.904220424229171,8.555652744369121,5.133391646621474,3.422261097747649,3.5972009621692544,14.990159632626284,5.040454843647496,3.6792040236168813,0.6614913623441941,7.106931992127706,99.16356877323419,0.41548217800131204,4.597638311830308,1.1589766017931336,11.863109556090095,1.104307894161382,0.36081347036956046,1.0933741526350316,1.6181937458998468,2.006341570085283,3.9580144325388154,0.5576208178438662,1.6181937458998468,3.8268095342226105,2.1594139514541872,0.18040673518478023,0.3772140826590859,0.51935272250164,0.34441285808003497,0.7161600699759457,55.013120489831614,9.84583424447846,9.949704788978787,31.325169472993657,2.8537065383774323,1.2683140170566367,7.932429477367155,14.339602011808442,57.276404985786144,2.8974415044828343,4.056418106275967,4.171222392302646,1.0824404111086814,0.34987972884321006,2024
kelston,21.473565804274468,46.52418447694038,13.532058492688417,9.100112485939258,6.321709786276715,5.9730033745781785,8.31271091113611,4.758155230596175,3.2733408323959505,3.8132733408323958,15.331833520809901,5.838020247469067,4.37570303712036,0.7536557930258717,7.52530933633296,99.52755905511812,0.281214848143982,5.00562429696288,1.1473565804274466,10.48368953880765,1.0011248593925761,0.40494938132733405,1.2373453318335208,1.5410573678290214,1.8785151856017999,3.937007874015748,0.3374578177727784,1.9122609673790776,4.195725534308211,2.148481439820023,0.14623172103487067,0.4161979752530933,0.49493813273340825,0.40494938132733405,0.6186726659167604,58.908886389201356,8.290213723284591,9.966254218222723,30.06749156355456,2.125984251968504,1.1136107986501689,7.919010123734534,15.410573678290213,57.64904386951631,2.868391451068617,4.195725534308211,3.937007874015748,1.1698537682789654,0.281214848143982,2024
mangere,25.905821685439,46.71597231646085,9.288913013977474,7.877595331795359,5.217804315375221,5.502781924277379,8.393269100284977,4.417152937983444,3.6368571040846795,3.6300719229203424,17.417560048853304,6.303433301669155,4.898900800651378,0.8142217397204505,6.961595874609852,99.1043560863075,0.20355543493011263,3.70470891572805,0.997421631157552,11.3244673632786,0.7463699280770796,0.2714072465734835,0.9227846383498439,1.241688153073687,1.5470213054688562,3.080472248609038,0.4138960510245624,2.008413624643778,5.998100149273986,3.4468720314832404,0.1831998914371014,0.3731849640385398,0.8142217397204505,0.3935405075315511,0.8277921020491248,52.89727235717194,8.237209933505223,8.908942868774597,34.882616365856975,3.663997828742028,1.0517030804722487,7.992943411589091,13.041118197855884,59.99457185506852,2.5715836612837566,3.853982901343466,3.881123626000814,1.07205862396526,0.25783688424480933,2024
manurewa,21.81383705052344,45.90350477924442,15.350477924442425,9.75193445607647,7.009558488848429,6.725079654073736,8.887118798361403,5.621301775147931,3.356850250341374,3.857532999544834,13.746017296313154,6.06508875739645,4.699590350477925,1.0810195721438325,5.473372781065089,98.97587619481111,0.13654984069185253,6.520254893035958,1.1151570323167956,9.069185252617206,0.785161583978152,0.432407828857533,0.5348202093764225,1.2289485662266728,1.6385980883022306,3.516158397815203,0.45516613563950836,1.3086026399635866,2.810650887573965,1.615839781520255,0.13654984069185253,0.5234410559854347,0.2958579881656805,0.5803368229403733,0.9330905780609923,74.52207555757852,9.171597633136095,6.508875739644971,16.465634956759217,2.1051433773327264,1.103777878925808,7.85161583978152,18.34319526627219,55.65543923532089,2.43513882567137,3.334091943559399,3.6640873918980423,1.1606736458807465,0.31861629494765586,2024
maungakiekie,32.57761174803556,45.79415174545923,9.583923740821849,5.680793507664562,4.160762591781528,4.611619219373953,6.891665593198505,3.8387221435012235,3.503800077289708,3.4909184593584954,17.274249645755507,5.886899394563957,5.01094937524153,0.734252222079093,7.819142084245781,90.09403581089785,0.14169779724333376,3.349220662115162,0.7471338400103053,9.893082571170938,0.5410279531109107,0.1288161793121216,0.4250933917300013,0.9403581089784877,1.2108720855339432,2.4217441710678864,0.2318691227618189,2.099703722787582,7.999484735282751,2.8983640345227357,0.1545794151745459,0.4122117737987891,1.2366353213963672,0.3735669200051526,0.734252222079093,44.647687749581344,5.30722658765941,5.48756923869638,36.75125595774829,4.070591266263043,0.8373051655287903,7.857786938039417,11.748035553265488,59.24256086564472,1.8163081283009148,3.027180213834858,2.486152260723947,0.5796728069045471,0.11593456138090945,2024
mt albert,20.2324352879028,47.94506075013206,13.438985736925515,8.483888008452192,7.004754358161648,6.920232435287901,8.251452720549391,5.6207078711040666,3.3174854727945053,4.004226096143687,15.625990491283678,6.201796090861066,4.204965662968832,0.7818277865821446,5.7263602746962485,99.66191230850501,0.31695721077654515,6.698362387744321,0.9086106708927627,9.276281035393556,0.7290015847860537,0.3909138932910723,0.7290015847860537,1.2995245641838349,1.468568409931326,3.6555731642894878,0.20073956682514524,1.09878499735869,2.0707871104067617,1.4474379292128894,0.30639197041732696,0.4226096143687268,0.2641310089804543,0.4014791336502905,0.6656101426307448,76.71421024828314,8.37823560486001,6.856840993132594,15.25620707871104,1.8383518225039621,1.172741679873217,7.0364500792393025,17.62282091917591,56.35499207606972,2.8420496566296882,3.824617010036978,4.300052826201795,1.2044374009508718,0.28526148969889065,2024
mt roskill,22.764304660856386,47.08222811671087,13.196286472148541,8.980674497915876,5.977643046608564,6.536566881394467,8.488063660477453,4.812428950359985,3.32512315270936,3.8272072754831377,16.24668435013263,6.8018188707843885,4.80295566502463,0.9283819628647214,5.1439939370973855,99.16635089048881,0.39787798408488056,5.598711633194391,1.0136415308829103,10.30693444486548,0.7010231148162182,0.3031451307313376,1.0136415308829103,1.6862447896930657,1.7620310723759,3.6377415687760513,0.378931413414172,1.354679802955665,2.3777946191739296,1.600985221674877,0.2652519893899204,0.40735126942023486,0.35998484274346343,0.44524441076165205,0.8431223948465328,70.9549071618037,9.52065176203107,11.43425539977264,15.242516104585071,2.3872679045092835,1.4494126563092078,8.317544524441077,17.847669571807504,56.05342932929139,2.226222053808261,3.2398635846911703,3.628268283440697,1.0799545282303904,0.2936718453959833,2024
new lynn,20.730049834962134,48.26224839816193,11.766228723059996,8.75671477574267,5.947835091579833,6.355575690893793,8.471943563523396,4.9123034107824735,3.604944663775807,3.8832438029900973,15.371173386835805,5.734256682415378,4.148598796194421,0.7378163225681187,7.093392013461912,99.13274221733221,0.2847712122192739,4.782861950682804,1.0549478998123096,9.66280499644036,0.7378163225681187,0.4077405993139603,0.847841563652838,1.3914956960714515,1.7021552003106597,3.6437771018057084,0.31713157724419133,2.0192867775548504,3.1777878454468964,1.7150993463206265,0.17474597113455442,0.36890816128405923,0.31065950423920785,0.33654779625914183,0.731344249563135,61.80182512458741,8.122451621254287,8.446055271503463,28.062908549608434,2.3040579897741247,1.1973335059219468,7.319914568636335,15.51355899294544,57.02543524690958,2.8736004142126723,4.019157336094752,4.504562811468514,1.1908614329169633,0.27829913921429034,2024
north shore,20.41300735817707,46.309043436980765,14.835034417279847,8.889152622834084,6.776643721813434,6.622359363873724,8.390695466413483,5.3643484452883925,3.3586517920721572,4.0944694991692385,15.523380014241633,6.052694042250177,4.59292665558984,0.8307619273676714,6.195110372656064,99.89318775219557,0.30856871587942086,6.290054592926656,0.8426299549014953,11.405174460004746,0.7120816520294327,0.3441727984808925,0.7002136244956088,1.4004272489912175,1.4835034417279847,3.963921196297175,0.2729646332779492,1.5309755518632804,2.516021837170662,1.6377877996676948,0.24922857821030148,0.3560408260147163,0.21362449560882982,0.34417279848089244,0.7358177070970804,69.35675290766675,8.53311179681937,7.393781153572278,21.552338001424165,2.2074531212912416,1.3292190837882742,7.19202468549727,15.772608592451936,58.34322335627817,2.9195347733206742,3.8215048658912885,4.035129361500119,1.3410871113220981,0.30856871587942086,2024
northcote,22.455247455247456,46.7971217971218,11.925236925236927,8.248508248508248,6.16005616005616,6.37943137943138,8.643383643383643,5.045630045630045,3.2204282204282197,3.86977886977887,15.426465426465427,5.616005616005616,4.387504387504388,0.8950508950508951,7.177957177957178,98.79782379782378,0.22815022815022815,5.1772551772551765,0.9915759915759914,9.757809757809758,0.8950508950508951,0.28957528957528955,0.8687258687258688,1.316251316251316,1.684801684801685,3.7995787995787995,0.40365040365040367,1.7813267813267815,2.965952965952966,1.755001755001755,0.2106002106002106,0.3334503334503334,0.31590031590031586,0.39487539487539486,0.6669006669006668,62.135837135837136,7.862407862407863,7.265707265707265,27.878202878202877,2.4657774657774656,1.0705510705510706,6.7830817830817836,14.487539487539486,58.75745875745876,3.237978237978238,4.124254124254124,4.176904176904177,1.2548262548262548,0.26325026325026324,2024
pakuranga,35.47891936144085,42.80597625869832,8.851821530904626,6.692591076545232,3.970528039295948,4.369627507163323,9.660253786328287,3.765861645517806,3.2541956610724525,3.29512893982808,17.836676217765046,6.600491199345068,5.873925501432666,0.7981989357347525,8.964388047482604,94.82194023741303,0.2865329512893983,2.722063037249284,0.7163323782234957,9.701187065083912,0.757265656979124,0.22513303315595581,0.49119934506754,1.0130986492018013,1.1563651248465001,2.793696275071633,0.255832992222677,2.609496520671306,7.61358984854687,4.246827670896439,0.13303315595579207,0.2967662709783054,1.0335652885796152,0.3274662300450266,0.9107654523127303,42.294310274252965,6.610724519033975,6.968890708145723,42.724109701187075,4.021694637740484,0.9516987310683588,7.736389684813755,12.095783872288171,62.484650020466646,2.046663937781416,3.0495292672943104,2.660663119115841,0.6753990994678674,0.1637331150225133,2024
panmure-otahuhu,25.33567354102676,47.38043001316366,10.223782360684512,9.021500658183413,6.143045195261078,6.064063185607722,7.819218955682315,5.283018867924527,3.4839842035980686,3.545414655550679,14.874945151382185,5.607722685388328,4.510750329091707,0.8512505484861781,5.906099166301009,96.80561649846423,0.3861342694164106,3.826239578762615,0.8161474330846862,10.52215884159719,0.8512505484861781,0.4826678367705133,0.9653356735410266,1.3953488372093021,1.6761737604212374,3.352347520842474,0.6669591926283457,1.8165862220272044,4.642387011847302,2.308029837648091,0.1404124616059675,0.4738920579201404,0.5879771829749889,0.3949100482667836,0.8863536638876698,57.99034664326458,12.180781044317682,12.29486616937253,24.344010530934618,2.8170250109697235,1.079420798595875,9.45151382185169,15.831505046072838,54.602896007020604,2.167617376042123,3.3260201842913553,3.0978499341816583,1.0267661254936375,0.3422553751645458,2024
papakura,18.472236218885417,46.02438778595183,17.73657160133024,11.679935503375996,8.65665625314925,7.608586113070643,7.800060465585005,6.792300715509423,3.748866270281165,4.0511941953038395,11.639625113372972,4.645772447848433,3.1845208102388396,0.6550438375491283,4.242668547818201,98.11548926735867,0.26201753501965136,6.741912728005644,0.9573717625718028,7.538042930565353,0.8868285800665123,0.49380227753703526,0.5441902650408144,1.2697772850952331,1.8643555376398266,4.373677315328026,0.8868285800665123,0.8969061775672681,2.1566058651617452,0.725587020054419,0.12093117000906983,0.43333669253250023,0.24186234001813967,0.5139574725385467,0.5945782525445933,78.29285498337197,11.770633880882798,6.671369545500354,10.813262118310995,1.2093117000906983,1.169001310087675,8.86828580066512,19.67147032147536,51.62753199637207,2.196916255164769,3.1039000302327926,3.587624710269072,1.3302428700997682,0.3728711075279653,2024
port waikato,18.962824117463292,44.913048005831506,15.911694262209727,13.162553368738935,8.226595855461834,7.508070394668333,8.059981255857545,6.362595022388836,3.498906591690097,3.5509736540664383,11.277725710715401,4.029990627928772,2.8116213683223994,0.5831510986150161,4.675622201395397,99.94793293762366,0.22909507445589922,5.7690305112985545,0.8122461730709154,9.309590752889722,0.8018327605956471,0.49984379881287094,0.8226595855461835,1.926481307924607,1.6036655211912947,4.15495157763199,1.0725814849526192,0.9892741851504738,2.3638446318858692,2.9990627928772255,0.07289388732687702,0.44777673643653026,0.5206706237634073,0.3748828491096532,0.6456315734666249,70.1864000833073,12.860564406956163,10.048943038633762,16.598979485577424,2.249297094657919,1.135061959804228,9.642819952098304,17.911069457461213,52.15036967614287,2.4471519316880146,3.42601270436322,3.7175882536707276,1.3953972716859318,0.47901697386233466,2024
takanini,19.920920201294027,46.010064701653484,16.182602444284687,10.107836089144499,6.534867002156722,6.340762041696621,7.785765636232925,5.16175413371675,3.3788641265276773,3.9324227174694455,14.816678648454348,5.686556434219985,4.306254493170381,0.9130122214234362,6.556434219985621,98.9000718907261,0.2156721782890007,6.153846153846153,1.128684399712437,10.007189072609632,0.7189072609633357,0.41696621135873463,0.8483105679367361,1.2940330697340041,1.3946800862688713,3.6736161035226456,0.33788641265276775,1.4881380301941047,7.361610352264557,3.227893601725377,0.1294033069734004,0.39539899352983454,0.704529115744069,0.3810208483105679,0.7332854061826024,63.191948238677206,7.9726815240833915,8.425593098490292,26.836808051761317,2.0992092020129403,0.9417685118619696,7.32566498921639,16.534867002156723,57.23220704529115,2.473040977713875,3.7886412652767785,3.853342918763479,1.1214953271028036,0.33069734004313445,2024
tamaki,28.346782536726668,46.98944754810677,10.542106352162218,6.093523691289054,4.738257810883509,5.286571487688806,8.13159528243327,3.9933788537140495,3.4761018001241464,3.7243947858472994,19.563418166770123,7.645354852058762,6.321125594868611,1.1069728946823918,6.341816677012208,96.96875646596317,0.14483757500517278,5.648665425201738,0.7034967928822679,10.169666873577489,0.6828057107386716,0.16552865714876885,0.4552038071591143,0.951789778605421,0.7862611214566521,2.876060417959859,0.2069108214359611,1.8104696875646593,6.610800744878957,2.120835919718601,0.14483757500517278,0.42416718394372027,0.7862611214566521,0.4965859714463066,0.8897165321746326,63.48024001655287,6.5383819573763695,5.63831988412994,25.915580384854124,3.072625698324022,1.0552451893234016,7.624663769915167,15.15621767018415,60.25243120215187,1.903579557210842,3.2588454376163876,3.35195530726257,0.9207531553900269,0.186219739292365,2024
te atatu,20.055875380968505,46.207246867592275,14.02810700982052,8.889265154080595,6.8912969861158135,6.637317981713512,8.355909244835761,5.545208262783609,3.310193024043346,3.8435489332881807,14.7646461225872,5.62986793091771,4.173721639011175,0.7280731459532678,6.3494751100575675,99.48357602438197,0.1777853030816119,5.5367422959702,1.1175076193701319,10.082966474771418,0.8635286149678293,0.3386386725364036,0.7111412123264477,1.5662038604808668,1.9048425330172702,3.9451405350491027,0.39790044023027427,1.4307483914663053,2.378936674568235,1.4222824246528953,0.1693193362682018,0.3640365729766339,0.29630883846935313,0.43176430748391464,0.6180155773789365,67.26210633254318,8.533694547917372,8.118862174060277,23.07822553335591,2.378936674568235,1.1259735861835418,6.874365052488994,16.280054182187605,56.53572637995259,2.8360988824923803,3.9536065018625117,4.343040975279377,1.2529630883846934,0.33017270572299356,2024
upper harbour,21.563114984537528,46.506887826820346,11.751475962890076,10.163058757379813,6.501265111048636,6.311498453753163,8.441102052291257,5.229125667697499,3.633680067472589,3.436885015462468,14.063817824008998,4.638740511667136,3.668822041045825,0.6114703401743042,7.6117514759628895,99.69075063255552,0.43576047230812476,3.746134382906944,1.1948271014900198,11.287601911723362,1.1034579701996066,0.3935901040202418,1.1315715490581952,1.7781838628057354,2.0312060725330334,4.132696092212538,0.6395839190328929,1.9679505201012089,3.373629463030644,1.9749789148158559,0.11245431543435479,0.3584481304470059,0.3514197357323587,0.4919876300253022,0.6255271296035985,54.67388248524038,10.465279730109645,11.34382906944054,31.339612032611754,3.0222097272982853,1.3424233904976106,8.567613157154904,14.520663480461064,56.31149845375316,3.001124543154343,4.139724486927187,4.062412145066067,1.1315715490581952,0.37953331459094747,2024
whangaparaoa,22.315709477798283,46.88958853544675,12.783628270546085,9.081532949734013,6.323960482032353,5.971121485180763,8.592986646401043,5.1297361849962,3.4089675388122895,3.8812289653674945,15.66062316795136,5.515144935403322,4.348062099663446,0.8685267614808381,6.834219954402346,98.3389425686679,0.3148409510368038,4.945174248181522,1.02594723699924,11.355987406361958,0.9173813918141352,0.29312778199978284,1.0802301595917925,1.3462164802952992,1.6773423081098686,3.8866572576267506,0.43426338074041904,1.9758983823689065,3.3546846162197372,1.8673325371838019,0.2117033981109543,0.4125502117033981,0.4234067962219086,0.3908370426663771,0.6296819020736076,57.86559548366084,9.352947562696775,8.278145695364238,30.859841493866025,2.459016393442623,1.1399413744436,7.501899902290739,14.640104223211377,58.33785691021605,2.898708066442297,3.848659211811964,4.011507979589622,1.069373575073282,0.2551297361849962,2024
